Airdrop6666,10
chbrown,23
linguistlist,14
nlppeople,13
punk_physicist,6
kimmikadze,4
kelina1124,5
Abufouda,30
ElinorBrondwine,27
acl2016,8
btsjinupdates,15
khanhxuannguyen,9
acl_srw_2018,7
riedelcastro,3
redpony,24
srenals,21
KAKA,35
nordicdx,18
IIiX2014,29
sgouws,19
Viacom,28
bluevincent,17
765974448Liuhai,11
4nhkimnguyen,1
FBKcom,12
matchpool,33
accezz,25
BIGDaTA_Lab,2
phoenixpumpteam,34
peteskomoroch,20
UoR_BrainCogSci,16
shoaibs_tag,32
gdupret,31
ACMSIGIR,26
luileito,22
